"encounter_class","total_visits","avg_cost"
"wellness","19106","129.1600000000000000"
"ambulatory","18936","129.1600000000000000"
"outpatient","9003","129.1600000000000000"
"urgentcare","2373","129.1600000000000000"
"emergency","2090","129.1600000000000000"
"inpatient","1838","117.2685908596300326"
